{"iso8601DateFormat":false,"callBackUrlConfigured":false,"callBackUrls":null,"apiProvider":"ExternalApplication","applicationType":null,"urlDescription":"","userNameDescription":"","passwordDescription":"","paginationSupported":false,"paginationAttributes":null,"status":"Active","active":true,"syncModel":"ReadWrite","multiProjectSupported":false,"projectLoginRequired":false,"version":null,"displayName":"SmartSheets","type":"smartsheets","logo":"Screen Shot 2021-04-09 at 3.30.00 PM.png","logoSmall":"Screen Shot 2021-04-09 at 3.30.09 PM.png","metadata":[{"name":"sheet","dependent":false,"dependentMetadata":null,"values":[{"id":"2756478172614532","name":"Adam Sheet","attributeName":null,"referenceType":null,"dependents":null,"attributes":null,"fieldIdRef":null,"regex":false}],"apiConfig":{"api":"/2.0/sheets","idJsonPath":"$['data'][*]['id']","valueJsonPath":"$['data'][*]['name']","headers":null}}],"fields":[{"id":"4469552544278404","name":"Done","datatype":"Boolean","values":null},{"id":"8973152171648900","name":"Contact List","datatype":"String","values":null},{"id":"modifiedAt","name":"modifiedAt","datatype":"Datetime","values":null},{"id":"4522329102411652","name":"Notes","datatype":"String","values":null},{"id":"18729475041156","name":"Status","datatype":"Select","values":[{"id":"Not Started","name":"Not Started","attributeName":null,"referenceType":null,"dependents":null,"attributes":null,"fieldIdRef":null,"regex":false},{"id":"In Progress","name":"In Progress","attributeName":null,"referenceType":null,"dependents":null,"attributes":null,"fieldIdRef":null,"regex":false},{"id":"Complete","name":"Complete","attributeName":null,"referenceType":null,"dependents":null,"attributes":null,"fieldIdRef":null,"regex":false}]},{"id":"id","name":"id","datatype":"String","values":null},{"id":"2217752730593156","name":"Task Name","datatype":"String","values":null},{"id":"6721352357963652","name":"Due Date","datatype":"Date","values":null},{"id":"7530675531632516","name":"Name","datatype":"String","values":null}],"loginOptions":[],"idFieldName":"id","titleFieldName":"Task Name","projectFieldName":"sheet","artifactFieldName":"","testStepsFieldName":null,"changedDateFieldName":"modifiedAt","dateFormat":"yyyy-MM-dd","dateTimeFormat":"yyyy-MM-dd'T'HH:mm:ss'Z'","queryDateFormat":"yyyy-MM-dd'T'HH:mm:ss'Z'","queryDateFormatType":"DATE_TIME_FORMAT","commentFieldName":null,"commentFieldId":null,"attachmentFieldName":null,"attachmentFieldId":null,"apiVersion":null,"commentSyncSupported":false,"attachmentSyncSupported":false,"availableRestOperations":null,"conjunctionOperator":"","global":true,"tenantList":null,"multivariateMappingSupported":false}