[{"schemeId":51,"schemeName":"Default","adapterType":"smartsheets","group":null,"active":true,"adapterMetadataList":[],"requestHeaders":[],"restTemplates":{"UPDATE_RECORD":{"templateId":1936,"operation":"UPDATE_RECORD","httpVerb":"PUT","restUrl":"/2.0/sheets/${sheet}/rows","specifications":{"Request":{"specId":3804,"type":"Request","adapterType":null,"specType":"JOLT","status":"Active","specification":"[{\n    \"operation\": \"shift\",\n    \"spec\": {\n         \"*\":\"&\",\n      \"fields\": {\n           \"1*|2*|3*|4*|5*|6*|7*|8*|9*|0*\":{\n                 \"$\": \"cells[#2].columnId\",\n                 \"@\": \"cells[#2].value\"      \n            }\n          }\n     }\n}\n,\n{  \"operation\":\"remove\",\n       \"spec\":{\n            \"data\":\n               {\n                      \"id\":\"\",\n                     \"project\":\"\",\n                     \"resource_type\":\"\"\n               }\n          }\n    }\n]\n","samplePayload":"{\"id\":\"7783275327448964\",\"fields\":{\"sheet\":\"7783275327448964\",\"id\":\"7783275327448964\",\"2217752730593156\":\"Test the create api v3.9\",\"Sheet Type\":\"Task List\"}}","statusCode":2,"contentAvailable":true},"Response":{"specId":3803,"type":"Response","adapterType":null,"specType":"JOLT","status":"Active","specification":"[\n  {\n    \"operation\": \"modify-overwrite-beta\",\n    \"spec\": {\n      \"result\": {\n        \"*\": {\n          \"cells\": {\n            \"*\": {\n              \"columnId\": \"=toString\"\n            }\n          }\n        }\n      }\n    }\n  },\n  {\n    \"operation\": \"shift\",\n    \"spec\": {\n        \"result\":{\n        \"*\": {\n          \"id\": \"&\",\n          \"*\": \"fields.&\",\n          \"cells\": {\n            \"*\": {\n              // \"columnId\": \"result.[&3].fields.@(1,value)\"\n              \"value\": \"fields.@(1,columnId)\"\n            \n          }\n        }\n      }\n}\n    }\n    }\n]","samplePayload":"{\n    \"message\": \"SUCCESS\",\n    \"resultCode\": 0,\n    \"result\": [\n        {\n            \"id\": 529445766621060,\n            \"rowNumber\": 1,\n            \"expanded\": true,\n            \"createdAt\": \"2021-04-09T20:24:24Z\",\n            \"modifiedAt\": \"2021-04-09T22:23:28Z\",\n            \"cells\": [\n                {\n                    \"columnId\": 2217752730593156,\n                    \"value\": \"Verify the create api\",\n                    \"displayValue\": \"Verify the create api\"\n                },\n                {\n                    \"columnId\": 6721352357963652,\n                    \"value\": \"2021-04-09\"\n                },\n                {\n                    \"columnId\": 4469552544278404\n                },\n                {\n                    \"columnId\": 8973152171648900,\n                    \"value\": \"dbass@connectall.com\",\n                    \"displayValue\": \"Doug Bass\"\n                },\n                {\n                    \"columnId\": 18729475041156,\n                    \"value\": \"In Progress\",\n                    \"displayValue\": \"In Progress\"\n                },\n                {\n                    \"columnId\": 4522329102411652,\n                    \"value\": \"https://smartsheet.redoc.ly/#section/API-Basics/HTTP-and-REST\",\n                    \"displayValue\": \"https://smartsheet.redoc.ly/#section/API-Basics/HTTP-and-REST\"\n                }\n            ]\n        }\n    ],\n    \"version\": 6\n}","statusCode":2,"contentAvailable":true}}},"QUERY_RECORD_BY_ID":{"templateId":1937,"operation":"QUERY_RECORD_BY_ID","httpVerb":"GET","restUrl":"/2.0/sheets/${sheet}/rows/${recordId}","specifications":{"Request":{"specId":3806,"type":"Request","adapterType":null,"specType":null,"status":"Active","specification":null,"samplePayload":null,"statusCode":2,"contentAvailable":false},"Response":{"specId":3805,"type":"Response","adapterType":null,"specType":"JOLT","status":"Active","specification":"[\n  {\n    \"operation\": \"modify-overwrite-beta\",\n    \"spec\": {\n          \"id\": \"=toString\",\n      \"cells\": {\n        \"*\": {\n          \"columnId\": \"=toString\"\n        }\n      }\n    }\n  },\n  {\n    \"operation\": \"shift\",\n    \"spec\": {\n      \"id\": \"&\",\n      \"*\": \"fields.&\",\n      \"cells\": {\n        \"*\": {\n          // \"columnId\": \"result.[&3].fields.@(1,value)\"\n          \"value\": \"fields.@(1,columnId)\"\n        }\n      }\n    }\n    }]","samplePayload":"{\n    \"id\": 529445766621060,\n    \"sheetId\": 7783275327448964,\n    \"rowNumber\": 1,\n    \"version\": 5,\n    \"expanded\": true,\n    \"accessLevel\": \"OWNER\",\n    \"createdAt\": \"2021-04-09T20:24:24Z\",\n    \"modifiedAt\": \"2021-04-09T22:23:28Z\",\n    \"cells\": [\n        {\n            \"columnId\": 2217752730593156,\n            \"value\": \"Verify the create api\",\n            \"displayValue\": \"Verify the create api\"\n        },\n        {\n            \"columnId\": 6721352357963652,\n            \"value\": \"2021-04-09\"\n        },\n        {\n            \"columnId\": 4469552544278404\n        },\n        {\n            \"columnId\": 8973152171648900,\n            \"value\": \"dbass@connectall.com\",\n            \"displayValue\": \"Doug Bass\"\n        },\n        {\n            \"columnId\": 18729475041156,\n            \"value\": \"In Progress\",\n            \"displayValue\": \"In Progress\"\n        },\n        {\n            \"columnId\": 4522329102411652,\n            \"value\": \"https://smartsheet.redoc.ly/#section/API-Basics/HTTP-and-REST\",\n            \"displayValue\": \"https://smartsheet.redoc.ly/#section/API-Basics/HTTP-and-REST\"\n        }\n    ]\n}","statusCode":2,"contentAvailable":true}}},"QUERY_MODIFIED_RECORDS":{"templateId":1935,"operation":"QUERY_MODIFIED_RECORDS","httpVerb":"GET","restUrl":"/2.0/sheets/${sheet}?rowsModifiedSince=${last-modified-time}","specifications":{"Request":{"specId":3802,"type":"Request","adapterType":null,"specType":null,"status":"Active","specification":null,"samplePayload":null,"statusCode":2,"contentAvailable":false},"Response":{"specId":3801,"type":"Response","adapterType":null,"specType":"JOLT","status":"Active","specification":"[\n  {\n    \"operation\": \"modify-overwrite-beta\",\n    \"spec\": {\n      \"rows\": {\n        \"*\": {\n          \"id\": \"=toString\",\n          \"cells\": {\n            \"*\": {\n              \"columnId\": \"=toString\"\n            }\n          }\n        }\n      }\n    }\n  },\n  {\n    \"operation\": \"shift\",\n    \"spec\": {\n      \"rows\": {\n        \"*\": {\n          \"id\": \"result.[&1].&\",\n          \"*\": \"result.[&1].fields.&\",\n          \"cells\": {\n            \"*\": {\n              // \"columnId\": \"result.[&3].fields.@(1,value)\"\n              \"value\": \"result.[&3].fields.@(1,columnId)\"\n            }\n          }\n        }\n      }\n    }\n    },\n  {\n    \"operation\": \"modify-overwrite-beta\",\n    \"spec\": {\n      \"totalRecords\": \"=size(@(1,result))\"\n    }\n  },\n  {\n    \"operation\": \"default\",\n    \"spec\": {\n      \"totalrecords\": 0,\n      \"result\": []\n    }\n}\n]","samplePayload":"{\n    \"id\": 7783275327448964,\n    \"name\": \"To Do\",\n    \"version\": 3,\n    \"totalRowCount\": 2,\n    \"accessLevel\": \"OWNER\",\n    \"effectiveAttachmentOptions\": [\n        \"EGNYTE\",\n        \"BOX_COM\",\n        \"FILE\",\n        \"DROPBOX\",\n        \"EVERNOTE\",\n        \"LINK\",\n        \"GOOGLE_DRIVE\",\n        \"ONEDRIVE\"\n    ],\n    \"ganttEnabled\": false,\n    \"dependenciesEnabled\": false,\n    \"resourceManagementEnabled\": false,\n    \"cellImageUploadEnabled\": true,\n    \"userSettings\": {\n        \"criticalPathEnabled\": false,\n        \"displaySummaryTasks\": true\n    },\n    \"permalink\": \"https://app.smartsheet.com/sheets/ccvHGWPF7q52Fp6m8QPgvCgWMPf4h4VCqRq7Fgq1\",\n    \"createdAt\": \"2021-04-08T23:46:13Z\",\n    \"modifiedAt\": \"2021-04-09T21:48:26Z\",\n    \"isMultiPicklistEnabled\": true,\n    \"columns\": [\n        {\n            \"id\": 2217752730593156,\n            \"version\": 0,\n            \"index\": 0,\n            \"title\": \"Task Name\",\n            \"type\": \"TEXT_NUMBER\",\n            \"primary\": true,\n            \"validation\": false,\n            \"width\": 230\n        },\n        {\n            \"id\": 6721352357963652,\n            \"version\": 0,\n            \"index\": 1,\n            \"title\": \"Due Date\",\n            \"type\": \"DATE\",\n            \"validation\": false,\n            \"width\": 80\n        },\n        {\n            \"id\": 4469552544278404,\n            \"version\": 0,\n            \"index\": 2,\n            \"title\": \"Done\",\n            \"type\": \"CHECKBOX\",\n            \"validation\": true,\n            \"width\": 55\n        },\n        {\n            \"id\": 8973152171648900,\n            \"version\": 0,\n            \"index\": 3,\n            \"title\": \"Assigned To\",\n            \"type\": \"CONTACT_LIST\",\n            \"validation\": false,\n            \"width\": 125\n        },\n        {\n            \"id\": 18729475041156,\n            \"version\": 0,\n            \"index\": 4,\n            \"title\": \"Status\",\n            \"type\": \"PICKLIST\",\n            \"options\": [\n                \"Not Started\",\n                \"In Progress\",\n                \"Complete\"\n            ],\n            \"validation\": false,\n            \"width\": 150\n        },\n        {\n            \"id\": 4522329102411652,\n            \"version\": 0,\n            \"index\": 5,\n            \"title\": \"Comments\",\n            \"type\": \"TEXT_NUMBER\",\n            \"validation\": false,\n            \"width\": 700\n        }\n    ],\n    \"rows\": [\n        {\n            \"id\": 529445766621060,\n            \"rowNumber\": 1,\n            \"expanded\": true,\n            \"createdAt\": \"2021-04-09T20:24:24Z\",\n            \"modifiedAt\": \"2021-04-09T20:24:24Z\",\n            \"cells\": [\n                {\n                    \"columnId\": 2217752730593156,\n                    \"value\": \"Review the Rest Api\",\n                    \"displayValue\": \"Review the Rest Api\"\n                },\n                {\n                    \"columnId\": 6721352357963652,\n                    \"value\": \"2021-04-09\"\n                },\n                {\n                    \"columnId\": 4469552544278404\n                },\n                {\n                    \"columnId\": 8973152171648900,\n                    \"value\": \"dbass@connectall.com\",\n                    \"displayValue\": \"Doug Bass\"\n                },\n                {\n                    \"columnId\": 18729475041156,\n                    \"value\": \"In Progress\",\n                    \"displayValue\": \"In Progress\"\n                },\n                {\n                    \"columnId\": 4522329102411652,\n                    \"value\": \"https://smartsheet.redoc.ly/#section/API-Basics/HTTP-and-REST\",\n                    \"displayValue\": \"https://smartsheet.redoc.ly/#section/API-Basics/HTTP-and-REST\"\n                }\n            ]\n        },\n        {\n            \"id\": 8938742624085892,\n            \"rowNumber\": 2,\n            \"siblingId\": 529445766621060,\n            \"expanded\": true,\n            \"createdAt\": \"2021-04-09T21:48:26Z\",\n            \"modifiedAt\": \"2021-04-09T21:48:26Z\",\n            \"cells\": [\n                {\n                    \"columnId\": 2217752730593156,\n                    \"value\": \"Test the spi using postman\",\n                    \"displayValue\": \"Test the spi using postman\"\n                },\n                {\n                    \"columnId\": 6721352357963652\n                },\n                {\n                    \"columnId\": 4469552544278404\n                },\n                {\n                    \"columnId\": 8973152171648900\n                },\n                {\n                    \"columnId\": 18729475041156,\n                    \"value\": \"Not Started\",\n                    \"displayValue\": \"Not Started\"\n                },\n                {\n                    \"columnId\": 4522329102411652\n                }\n            ]\n        }\n    ]\n}","statusCode":2,"contentAvailable":true}}},"CREATE_RECORD":{"templateId":1934,"operation":"CREATE_RECORD","httpVerb":"POST","restUrl":"/2.0/sheets/${sheet}/rows","specifications":{"Request":{"specId":3800,"type":"Request","adapterType":null,"specType":"JOLT","status":"Active","specification":"[{\n    \"operation\": \"shift\",\n    \"spec\": {\n      \"fields\": {\n           \"1*|2*|3*|4*|5*|6*|7*|8*|9*|0*\":{\n                 \"$\": \"cells[#2].columnId\",\n                 \"@\": \"cells[#2].value\"      \n            }\n          }\n     }\n}]\n","samplePayload":"{\n  \"fields\": {\n    \"000\": \"Summary for API creation 2\",\n    \"111\": \"Description for API creation 2\",\n    \"222\": \"Priority 1\",\n    \"333\": \"Severity 2\",\n    \"444\": \"Open\",\n    \"sheet\":\"88832549592354\"\n  }\n}","statusCode":2,"contentAvailable":true},"Response":{"specId":3799,"type":"Response","adapterType":null,"specType":"JOLT","status":"Active","specification":"[\n{\n    \"operation\": \"modify-overwrite-beta\",\n    \"spec\": {\n      \"result\":{\n      \"cells\": {\n        \"*\": {\n          \"columnId\": \"=toString\"\n}        }\n      }\n    }\n  },{\n  \"operation\": \"shift\",\n  \"spec\": {\n  \"result\":{\n    \"*\":\"&\",\n    \"cells\": {\n        \"*\":{\n              \"value\": \"fields.@(1,columnId)\"\n        }\n         }\n     }\n  }\n},\n{  \"operation\":\"remove\",\n       \"spec\":{\n            \"data\":\n               {\n                      \"id\":\"\",\n                     \"project\":\"\",\n                     \"resource_type\":\"\"\n               }\n          }\n    },\n{\n    \"operation\": \"modify-overwrite-beta\",\n    \"spec\": {\n              \"id\": \"=toString\",\n              \"sheetId\": \"=toString\"\n    }\n  }\n]\n","samplePayload":"{\n    \"message\": \"SUCCESS\",\n    \"resultCode\": 0,\n    \"result\": {\n        \"id\": 8743978557564804,\n        \"sheetId\": 7783275327448964,\n        \"rowNumber\": 6,\n        \"siblingId\": 7158876467685252,\n        \"expanded\": true,\n        \"createdAt\": \"2021-04-14T20:50:09Z\",\n        \"modifiedAt\": \"2021-04-14T20:50:09Z\",\n        \"cells\": [\n            {\n                \"columnId\": 2217752730593156,\n                \"value\": \"Brew the coffee\",\n                \"displayValue\": \"Brew the coffee\"\n            },\n            {\n                \"columnId\": 6721352357963652\n            },\n            {\n                \"columnId\": 4469552544278404\n            },\n            {\n                \"columnId\": 8973152171648900\n            },\n            {\n                \"columnId\": 18729475041156\n            },\n            {\n                \"columnId\": 4522329102411652\n            }\n        ]\n    },\n    \"version\": 8\n}","statusCode":2,"contentAvailable":true}}}},"default":true}]