{"iso8601DateFormat":false,"callBackUrlConfigured":false,"callBackUrls":null,"apiProvider":"ExternalApplication","applicationType":null,"urlDescription":"","userNameDescription":"","passwordDescription":"","paginationSupported":false,"paginationAttributes":null,"status":"Active","active":true,"syncModel":"ReadWrite","multiProjectSupported":false,"projectLoginRequired":false,"version":null,"displayName":"SmartSheets","type":"smartsheets","logo":"Screen Shot 2021-04-09 at 3.30.00 PM.png","logoSmall":"Screen Shot 2021-04-09 at 3.30.09 PM.png","metadata":[{"name":"sheet","dependent":false,"dependentMetadata":null,"values":[{"id":"2756478172614532","name":"Adam Sheet","attributeName":null,"referenceType":null,"dependents":null,"attributes":null,"fieldIdRef":null,"regex":false}],"apiConfig":{"api":"/2.0/sheets","idJsonPath":"$['data'][*]['id']","valueJsonPath":"$['data'][*]['name']","headers":null}}],"fields":[{"id":"modifiedAt","name":"modifiedAt","datatype":"Datetime","values":null},{"id":"id","name":"id","datatype":"String","values":null},{"id":"xyz","name":"xyz","datatype":"String","values":null}],"loginOptions":[],"idFieldName":"id","titleFieldName":"xyz","projectFieldName":"sheet","artifactFieldName":"","testStepsFieldName":null,"changedDateFieldName":"modifiedAt","dateFormat":"yyyy-MM-dd","dateTimeFormat":"yyyy-MM-dd'T'HH:mm:ss'Z'","queryDateFormat":"yyyy-MM-dd'T'HH:mm:ss'Z'","queryDateFormatType":"DATE_TIME_FORMAT","commentFieldName":null,"commentFieldId":null,"attachmentFieldName":null,"attachmentFieldId":null,"apiVersion":null,"commentSyncSupported":false,"attachmentSyncSupported":false,"availableRestOperations":null,"conjunctionOperator":"","global":true,"tenantList":null,"multivariateMappingSupported":true,"readOnly":false,"caManagedAdapter":true}