{"version":null,"displayName":"SmartSheets","type":"smartsheets","logo":"Screen Shot 2021-04-09 at 3.30.00 PM.png","logoSmall":"Screen Shot 2021-04-09 at 3.30.09 PM.png","metadata":[{"name":"sheet","dependent":false,"dependentMetadata":null,"values":[{"id":"7783275327448964","name":"To Do","attributeName":null,"referenceType":null,"dependents":null,"regex":false}]}],"fields":[{"id":"4469552544278404","name":"Done","datatype":"Boolean","values":null},{"id":"8973152171648900","name":"Contact List","datatype":"String","values":null},{"id":"modifiedAt","name":"modifiedAt","datatype":"Datetime","values":null},{"id":"4522329102411652","name":"Notes","datatype":"String","values":null},{"id":"18729475041156","name":"Status","datatype":"Select","values":[{"id":"Not Started","name":"Not Started","attributeName":null,"referenceType":null,"dependents":null,"regex":false},{"id":"In Progress","name":"In Progress","attributeName":null,"referenceType":null,"dependents":null,"regex":false},{"id":"Complete","name":"Complete","attributeName":null,"referenceType":null,"dependents":null,"regex":false}]},{"id":"id","name":"id","datatype":"String","values":null},{"id":"2217752730593156","name":"Task Name","datatype":"String","values":null},{"id":"6721352357963652","name":"Due Date","datatype":"Date","values":null}],"loginOptions":[],"idFieldName":"id","titleFieldName":"Task Name","projectFieldName":"sheet","artifactFieldName":"","testStepsFieldName":null,"changedDateFieldName":"modifiedAt","dateFormat":"yyyy-MM-dd'T'HH:mm:ss'Z'","dateTimeFormat":"yyyy-MM-dd'T'HH:mm:ss'Z'","queryDateFormat":"yyyy-MM-dd'T'HH:mm:ss'Z'","iso8601DateFormat":true,"commentFieldName":null,"commentFieldId":null,"attachmentFieldName":null,"attachmentFieldId":null,"apiVersion":null,"callBackUrlConfigured":false,"callBackUrls":null,"apiProvider":"ExternalApplication","applicationType":null,"urlDescription":"","userNameDescription":"","passwordDescription":"","paginationSupported":false,"paginationAttributes":null,"status":"Active","active":true,"syncModel":"ReadWrite"}